title,link,thumbnail,description,view,uploadedd_time,channel,channel_url
WHAT I EAT IN A DAY! Realistic & healthy meal ideas + how I'm healing my gut & changed my mindset!,https://www.youtube.com/watch?v=uYZZ5-lYnJM,https://i.ytimg.com/vi/uYZZ5-lYnJM/hqdefault.jpg?sqp=-oaymwEbCNIBEHZIVfKriqkDDggBFQAAiEIYAXABwAEG&rs=AOn4CLBRkwf5m1qnkKSeLp-hCaemE-V4rw,It‚Äôs time to clock-in. Watch the official #FiveNightsAtFreddys teaser now. In Theaters and streaming on Peacock October 27. Can you survive five nights? The terrifying horror game phenomenon...,10K views,13 days ago,Lucy Raine,https://www.youtube.com/@LucyRaine
"PRODUCTIVE DAYS IN MY LIFE üíå my morning routine, pack & prep with me, chatty grwm, + friends!",https://www.youtube.com/watch?v=at9j7s1XWIw,https://i.ytimg.com/vi/at9j7s1XWIw/hqdefault.jpg?sqp=-oaymwEbCNIBEHZIVfKriqkDDggBFQAAiEIYAXABwAEG&rs=AOn4CLBx8VHERsXVNGgiypQquw_2ZudAuA,"""This is a fight for our very existence."" The Creator arrives in theaters September 29.",4.2K views,3 weeks ago,Lucy Raine,https://www.youtube.com/@LucyRaine
"WAKING UP AT 5AM ‚ô° realistic and productive day in my life, workout routine + healthy habits",https://www.youtube.com/watch?v=8Lr8f06hIGQ,https://i.ytimg.com/vi/8Lr8f06hIGQ/hqdefault.jpg?sqp=-oaymwEbCNIBEHZIVfKriqkDDggBFQAAiEIYAXABwAEG&rs=AOn4CLDrQUTTmn197w3b2X5DRDwEf0cptg,"Watch the official trailer for #MissionImpossible ‚Äì Dead Reckoning Part One, starring Tom Cruise. Only in theatres July 12. Sign up for EXCLUSIVE content and updates: https://www.missionimpossib...",3.7K views,1 month ago,Lucy Raine,https://www.youtube.com/@LucyRaine
Five Nights At Freddy's | Official Teaser,https://www.youtube.com/watch?v=f-zqS2CiZqw,https://i.ytimg.com/vi/f-zqS2CiZqw/hqdefault.jpg?sqp=-oaymwEcCPYBEIoBSFXyq4qpAw4IARUAAIhCGAFwAcABBg==&rs=AOn4CLCqKDg5dyz20dgROIAmNdpg52yfsw,"It‚Äôs the performance of a lifetime. On July 5th, look out for more details about Nicolas Cage‚Äôs arrival in The Fog. --- Dead by Daylight is a multiplayer action/horror game where one...",9.6M views,1 day ago,Universal Pictures,https://www.youtube.com/@UniversalPictures
The Creator | Teaser Trailer | 20th Century Studios,https://www.youtube.com/watch?v=573GCxqkYEg,,Shakira - Acr√≥stico (Official Video) Music: Apple Music: https://Shakira.lnk.to/Acrostico/applemusic Spotify: https://Shakira.lnk.to/Acrostico/spotify Amazon: https://Shakira.lnk.to/Acrostico/am...,1.6M views,11 hours ago,,https://www.youtube.com/@UniversalPictures
Mission: Impossible ‚Äì Dead Reckoning Part One | Official Trailer (2023 Movie) - Tom Cruise,https://www.youtube.com/watch?v=avz06PDqDbM,,Trim your bat and balls with MANSCAPED‚Ñ¢ to get into the MVP discussion this season‚Ä¶ Most Valuable Player of course with the code BDE20OFF for 20% off + free shipping at https://manscaped.com....,2.5M views,14 hours ago,20th Century Studios,https://www.youtube.com/@20thCenturyStudios
Dead by Daylight: Nicolas Cage | Teaser,https://www.youtube.com/watch?v=8dVv9O4if8E,,Download Justin‚Äôs FREE eBook & get invited to his FREE class ($1K cash giveaway) ‚¨á‚¨á‚¨á http://www.jxmyandjustin.com/ Follow me on Instagram: https: //www.instagram.com/jxmyhighroller...,880K views,12 hours ago,,https://www.youtube.com/@20thCenturyStudios
Shakira - Acr√≥stico (Official Video),https://www.youtube.com/watch?v=PWmJhh_qTSY,,Official Video for ‚ÄúJaded‚Äù by Miley Cyrus Listen to & Download ‚ÄúEndless Summer Vacation‚Äù out now: https://mileycyrus.lnk.to/EndlessSummerVacation Connect with Miley Site: http://mileycy...,1.4M views,2 days ago,Paramount Pictures,https://www.youtube.com/@paramountpictures
The 2023 MLB Season Has Made Zero Sense,https://www.youtube.com/watch?v=Jf9FzkEKaY4,,Five nights at Freddys movie teaser trailer breakdown. Jason Blum at blumhouse has now given us the first look to the FNAF movie. the official posters along with an official teaser trailer...,,1 day ago,,https://www.youtube.com/@paramountpictures
It's All Over For Them,https://www.youtube.com/watch?v=aHlNmyVKcmU,,#MortalKombat #Teaser #Tomorrow,,1 day ago,Dead by Daylight,https://www.youtube.com/@DeadbyDaylightBHVR
Miley Cyrus - Jaded (Official Video),https://www.youtube.com/watch?v=4q-Y6wt1h3k,,"Conan around the world. Conan O‚ÄôBrien Must Go is coming soon to Max. #streamonmax Max has ordered CONAN O'BRIEN MUST GO, a new international travel series from Conan O‚ÄôBrien. The four-episode...",,1 day ago,,https://www.youtube.com/@DeadbyDaylightBHVR
Five Nights At Freddy's Movie Teaser Trailer Breakdown + Easter Eggs,https://www.youtube.com/watch?v=I0_8ee8XiaY,,help thumb art by https://www.artstation.com/cabetolopezc dunko store https://dunkeyscastle.com/,6.9M views,1 day ago,Shakira,https://www.youtube.com/channel/UCYLNGLIzMhRTi6ZOLjAPSmw
Tomorrow Is A New Dawn,https://www.youtube.com/watch?v=efscoc2tmhM,,Leave a like if you enjoyed today's video! Lots of love! https://www.fivenightsatfreddys.movie/ Become a Dawkbro! https://hex.store/ http://www.twitter.com/dawkosgames http://www.twitch.tv/dawkos...,516K views,10 hours ago,,https://www.youtube.com/channel/UCYLNGLIzMhRTi6ZOLjAPSmw
Conan O'Brien Must Go | Sneak Peek | Max,https://www.youtube.com/watch?v=0oPDBb-JER4,,Text ‚ÄúFredo Bang‚Äù to 225-244-6998 for Exclusive Updates ü¶ç Follow Fredo Bang: Instagram: https://instagram.com/fredobang Facebook: https://www.facebook.com/fredobangbiz/ Twitter: https://t...,28M views,11 hours ago,Baseball Doesn't Exist,https://www.youtube.com/@BaseballDoesntExist
Legend of Zelda : Donkey Tears,https://www.youtube.com/watch?v=lpFXlkjAurc,,FACT CHECK SHEET ‚ñ∫https://bit.ly/MogulMailCorrections follow me on twitter ‚ñ∫ https://www.twitter.com/ludwigahgren follow me on tiktok ‚ñ∫ https://www.tiktok.com/@ludwigahgren follow me...,555K views,1 day ago,,https://www.youtube.com/@BaseballDoesntExist
THE FNAF MOVIE TEASER TRAILER IS HERE! - Reaction & Analysis,https://www.youtube.com/watch?v=e9jgMuEVzYc,,Multiple fully Tesla-made bots now walking around & learning about the real world ü§ñ Join the Tesla AI team ‚Üí https://tesla.com/ai,826K views,1 day ago,JxmyHighroller,https://www.youtube.com/@JxmyHighroller
Fredo Bang - On Dat (Official Video),https://www.youtube.com/watch?v=EXvad3H453I,,[THE WORLD EP.2 : OUTLAW] Release Date: 2023. 6. 16 Î≥∏ ÏòÅÏÉÅÏùÄ Ï†ÑÎ¨∏Í∞Ä ÎåÄÎèô ÌïòÏóê ÏïàÏ†ÑÏóê Ïú†ÏùòÌïòÎ©∞ Ï¥¨ÏòÅÌïòÏòÄÏäµÎãàÎã§. The safety of all staff - human and animal - was ensured...,2.7M views,1 day ago,,https://www.youtube.com/@JxmyHighroller
This is a Huge Embarrassment,https://www.youtube.com/watch?v=XC3WZpyqHqs,,The Memphis Grizzlies suspended Ja Morant from all team activities yesterday after a video surfaced of Morant flashing a gun on a friend‚Äôs Instagram Live account. This comes two months after...,266K views,1 day ago,Miley Cyrus,https://www.youtube.com/channel/UCn7dB9UMTBDjKtEKBy_XISw
Tesla Bot Update,https://www.youtube.com/watch?v=XiQkeWOFwmk,,Top Rank Real Time is back for fight week for the undisputed championship of the world. On this episode #devinhaney #vasiliylomachenko get into an argument about whether he is a dirty fight...,159K views,1 day ago,,https://www.youtube.com/channel/UCn7dB9UMTBDjKtEKBy_XISw
ATEEZ(ÏóêÏù¥Ìã∞Ï¶à) THE WORLD EP.2 : OUTLAW Official Trailer,https://www.youtube.com/watch?v=moU0czf12rI,,"NBA Commissioner Adam Silver sits down with Malika Andrews ahead of the 2023 NBA Draft Lottery to address Ja Morant's looming suspension, Victor Wembanyama, the NBA coaching carousel and more:...",294K views,12 hours ago,3C Films,https://www.youtube.com/@3CFilms
Ja Morant suspended from all Grizzlies activities after flashing gun on IG Live | NBA | UNDISPUTED,https://www.youtube.com/watch?v=SQIgkcBjPFI,,From the album 'But Here We Are' // Available June 2nd Pre-order here: https://FooFighters.lnk.to/BHWAID See Foo Fighters Live: https://FooFighters.lnk.to/Shows Connect with Foo Fighters:...,1.8M views,2 days ago,,https://www.youtube.com/@3CFilms
"Haney Calls Loma A Dirty Fighter To His Face, Loma Responds | Real Time Ep. 2",https://www.youtube.com/watch?v=yv55LSXlVnU,,"Take the ride to the other side. Watch the brand-new trailer for Haunted Mansion, appearing only in theaters July 28. Directed by Justin Simien, the film features an all-star cast ensemble...",388K views,1 day ago,Mortal Kombat,https://www.youtube.com/@mortalkombat
NBA Countdown reacts to Adam Silver's response to Ja Morant,https://www.youtube.com/watch?v=j03cKLDTo0Y,,Thanks for watching our FIRST video on this new channel! SUBSCRIBE if u haven't already ·µïÃà Give the video a THUMBS UP if u want to see the friends reactions! - FOLLOW US: http://instagram.com/ay...,196K views,1 day ago,,https://www.youtube.com/@mortalkombat
Foo Fighters - Under You (Lyric Video),https://www.youtube.com/watch?v=seok6lO1n-8,,Today Architectural Digest is welcomed by RuPaul to tour his dazzling Beverly Hills home. When the 'Drag Race' star and husband Georges LeBar acquired their home they enlisted esteemed AD100...,1.3M views,15 hours ago,HBO Max,https://www.youtube.com/@hbomax
Haunted Mansion | Official Trailer,https://www.youtube.com/watch?v=AjLKTz81bj8,,Fallout 4 is a perfectly balanced Post apocalyptic RPG created by Bethesda who are most known for the amazing elder scrolls skyrim. Famously Todd Howard designed fallout 4 to be perfectly balanced...,1M views,1 day ago,,https://www.youtube.com/@hbomax
The Story Of How We Met...,https://www.youtube.com/watch?v=CIv7bnNHkqg,,,259K views,1 day ago,videogamedunkey,https://www.youtube.com/@videogamedunkey
Inside RuPaul‚Äôs Fabulous Beverly Hills Mansion | Open Door | Architectural Digest,https://www.youtube.com/watch?v=5WH-PSs9hI8,,Go to https://brilliant.org/wendover to get a 30-day free trial + the first 200 people will get 20% off their annual subscription Watch Jet Lag: The Game at http://youtube.com/jetlagthegame...,2.5M views,1 day ago,,https://www.youtube.com/@videogamedunkey
FALLOUT But EVERYTHING Is Legendary And Overpowered - A Perfectly Balanced Fallout 4 Mod,https://www.youtube.com/watch?v=u1ULVIgc6E4,,"Never miss a moment with the latest news, trending stories and highlights to bring you closer to your favorite players and teams. Download now: https://app.link.nba.com/APP22 Led by Nikola...",595K views,10 hours ago,Dawko,https://www.youtube.com/@Dawko
Giving My Best Friend a Smart Car!,https://www.youtube.com/watch?v=R6PgcLRD3dk,,Go to https://brilliant.org/zefrank to get a 30-day free trial + the first 200 people will get 20% off their annual subscription. merch: https://ze-true-store.myshopify.com/ patreon: https://www.p...,1.3M views,1 day ago,,https://www.youtube.com/@Dawko
How the World‚Äôs Most Dangerous Country Solved Murder,https://www.youtube.com/watch?v=WtkI-QAgM6w,,"Armand and Max are finally back in Korea, and this time as uni students! We have an amazing week planned out for them but first things first. First meal back in Korea: Pork BBQ with soju! ...",125K views,1 day ago,Fredo Bang,https://www.youtube.com/channel/UC8FHFLWe9KkG0eoxPMIgcpg
"#7 LAKERS at #1 NUGGETS | FULL GAME 1 HIGHLIGHTS | May 16, 2023",https://www.youtube.com/watch?v=ju40vYNp0Uc,,"EASY - KSI, Bugzy Malone, R3HAB https://lnk.to/KSI-Easy Watch My Documentary: https://bit.ly/ksiinreallife Voices: üé• Watch the music official video: https://lnk.to/KSI-voices/YouTube üéßDownl...",442K views,23 hours ago,,https://www.youtube.com/channel/UC8FHFLWe9KkG0eoxPMIgcpg
"True Facts Animal Awards: Tangle Worms, Creepiest Dave & Much More",https://www.youtube.com/watch?v=tEv23nApEog,,Provided to YouTube by Ingrooves Si Fuera F√°cil ¬∑ Grupo Marca Registrada Don't Stop The Magic ‚Ñó 2023 RB Music Distributed by Interscope Records Released on: 2023-05-12 Composer: √Ångel...,215K views,1 day ago,Mogul Mail,https://www.youtube.com/@MogulMail
British Uni Students Fly to Korea for the Best Korean BBQ!!,https://www.youtube.com/watch?v=-BxBB6smOSI,,This thing blows Check out Dr. Mike at https://www.youtube.com/@DoctorMike MKBHD Merch: http://shop.MKBHD.com Tech I'm using right now: https://www.amazon.com/shop/MKBHD Playlist of MKBHD...,1.3M views,15 hours ago,,https://www.youtube.com/@MogulMail
My Thoughts On My Last Fight,https://www.youtube.com/watch?v=k3TR18xcXbE,,"Play World of Tanks PC for free: https://tanks.ly/3yLKdf6 Use invite code ""COMBAT"" to get a Premium Tank Cromwell B, 250,000 credits, 7 days premium account time and a bunch of other stuff!...",271K views,1 day ago,Tesla,https://www.youtube.com/@tesla
Si Fuera F√°cil,https://www.youtube.com/watch?v=bzPh0qiojcc,,Grab some popcorn and turn out the lights! It's Amanda time!,187K views,6 days ago,,https://www.youtube.com/@tesla
This is the Dumbest Product I've Ever Reviewed,https://www.youtube.com/watch?v=tFdnCzfJPJ0,,Check out Mechabellum today: https://play.paradoxinteractive.com/letsgameitout And you too can see why I've been obsessed with it since it launched! JOIN MY STREAMS! ‚ñ∫ https://www.twitch.tv/lets...,533K views,2 days ago,KQ ENTERTAINMENT,https://www.youtube.com/@KQENT
hobbies.,https://www.youtube.com/watch?v=JhEZM2qQWDE,,"PREPARE FOR THE RIDE OF YOUR LIFE. Chris Hemsworth is Tyler Rake in EXTRACTION 2 - only on Netflix, June 16. Hemsworth reunites with director Sam Hargrave, with Joe and Anthony Russo's AGBO...",2.8M views,2 days ago,,https://www.youtube.com/@KQENT
Amanda the Adventurer,https://www.youtube.com/watch?v=kKmx7fMJnsc,,Get ready for the next stage of attacks with Builder Base 2.0! Follow us on our Socials! Twitter ‚ñ∫ https://twitter.com/ClashofClans/ Instagram ‚ñ∫ https://www.instagram.com/clashofclans...,472K views,Streamed 2 days ago,Skip and Shannon: UNDISPUTED,https://www.youtube.com/@UndisputedOnFS1
This Is Why a Psychopath Is a Stellar Detective,https://www.youtube.com/watch?v=ckmPfn-KCGg,,A summary of one of the worst natural gas disasters in US History. üååGet Nebula using my link for 40% off an annual subscription: https://go.nebula.tv/Practical-Engineering ‚úàÔ∏èWatch Neo's...,1.5M views,2 days ago,,https://www.youtube.com/@UndisputedOnFS1
EXTRACTION 2 | Official Trailer | Netflix,https://www.youtube.com/watch?v=Y274jZs5s7s,,"Director, Animator & Editor: SPOD http://www.spod.com.au DOP: Alex O. Smith 1st AC/Gaffer: Toby Farrington DIT: Riley McCullagh Stylists: Bianca Christoff Assistant Stylist: Milly Jane Wright...",2.5M views,1 day ago,Top Rank Boxing,https://www.youtube.com/@toprank
Builder Base 2.0 Is Here! Clash of Clans Official,https://www.youtube.com/watch?v=96TCZDtzfOM,,"[MESSAGE FROM THE CLERGY] We wish to inform you Ghost's cover of ""Phantom Of The Opera"" by Iron Maiden is out now: https://i.ghost-official.com/POTO Ghost's new Phantomime EP is a devilish...",247K views,2 days ago,,https://www.youtube.com/@toprank
What Really Happened During the Gas Explosions in the Merrimack Valley?,https://www.youtube.com/watch?v=QPL8dh6b1M0,,"We set off to Japan's incredible ice village on the first leg of our 1,000km Journey Across Japan! ‚õ©Ô∏è Journey Across Japan: Frozen Frontier will take us on a week long escape to the most...",3.6M views,1 day ago,ESPN,https://www.youtube.com/@espn
King Gizzard & The Lizard Wizard - Gila Monster,https://www.youtube.com/watch?v=YQX2CsMCB9M,,(Ïó¨Ïûê)ÏïÑÏù¥Îì§((G)I-DLE) - 'ÌÄ∏Ïπ¥ (Queencard)' Official Music Video [üéß] [I feel] ‚ñ´Melon http://kko.to/VMbOLGvKmy ‚ñ´https://ingrv.es/ifeel Episode : '#ÌÄ∏Ïπ¥ (#Queencard)' ÎààÎ∂ÄÏã†...,1.1M views,1 day ago,,https://www.youtube.com/@espn
Ghost - Phantom Of The Opera (Official Audio),https://www.youtube.com/watch?v=Wn-VdZ4LEKg,,üåéRDC's SOCIALSüåé Mark - @SupremeDreams_1 Aff - @Affiong Leland - @23_Is_Leland Dylan - @DylanPatel4_ Desmond - @l0v3andPeac3 Benjamin - @Ive_Ben_Jammin John - @PlayThatJohn üåé REAL...,2.4M views,1 day ago,Foo Fighters,https://www.youtube.com/channel/UCi2KNss4Yx73NG0JARSFe0A
"I Stayed at the Japanese Town Made ENTIRELY from ICE | 5,000„é° at -20¬∞C",https://www.youtube.com/watch?v=zjmCkr-hd50,,"Anamaria Sayre | May 15, 2023 Arriving at the Tiny Desk not long after becoming the first female artist to have a Spanish-language album top the Billboard 200 chart, Colombian singer Karol...",2M views,1 day ago,,https://www.youtube.com/channel/UCi2KNss4Yx73NG0JARSFe0A
(Ïó¨Ïûê)ÏïÑÏù¥Îì§((G)I-DLE) - 'ÌÄ∏Ïπ¥ (Queencard)' Official Music Video,https://www.youtube.com/watch?v=7HDeem-JaSY,,AD: Sign up to Milanote for free with no time-limit: https://milanote.com/nerdforge0523 ‚ù§Ô∏èThanks to our Patrons: https://www.patreon.com/nerdforge üëï MERCH: http://nerdforge.store ...,7.1M views,2 days ago,Walt Disney Studios,https://www.youtube.com/@DisneyMovieTrailers
How Doc Rivers was in the locker room after the sixers got blew out by the Celtics in game 7,https://www.youtube.com/watch?v=YuqcnfDnJ3I,,The Builder Base 2.0 Update brings the Bonanza Event to Clash of Clans. 3 Star or 6 Star attacks await at every Builder Hall Level. Judo Sloth Gaming shares the best strategy for every challenge...,4.7M views,2 days ago,,https://www.youtube.com/@DisneyMovieTrailers
Karol G: Tiny Desk Concert,https://www.youtube.com/watch?v=D8UWsFMVj_Q,,üü¢PRE-ORDER OFFICIAL Q PLUSHIE: http://alphabetlore.junipercreates.comüü¢ -------------------------------------------------------------------------- PATREON: https://www.patreon.com/mikesalcedo...,387K views,2 days ago,KianLawley & AylaWoodruff,https://www.youtube.com/@OurDiaryOf3
I Painted 100 Layers of Resin in 14 Days!,https://www.youtube.com/watch?v=l2wzFQLG0v0,,"Random Sneaky Peeky drop! (All sound are selected by the level creator including jumping, landing, orb sounds etc.) ""Desert City"" Kevin MacLeod (incompetech.com) Licensed under Creative Commons:...",262K views,1 day ago,,https://www.youtube.com/@OurDiaryOf3
Easily 3 Star the Bonanza Challenges (Clash of Clans),https://www.youtube.com/watch?v=zAr3TYiTdHU,,Don't buy this..@CameronDomasky,832K views,2 days ago,Architectural Digest,https://www.youtube.com/@Archdigest
2 | Number Lore,https://www.youtube.com/watch?v=-fpRvmxkrVo,,"Stream ‚ÄúAll My Life‚Äù ft J. Cole, Out Now: https://lilDurk.lnk.to/AlmostHealed Tour On Sale Friday: http://almost-healed.com/ Follow Lil Durk: https://LilDurk.lnk.to/instagram https://LilDurk....",440K views,1 day ago,,https://www.youtube.com/@Archdigest
Geometry Dash Update 2.2 Sneak Peek 3,https://www.youtube.com/watch?v=17YwHnNGScY,,"Official for ""Video Games"" by Tenacious D is out Thurs, May 11th at 9am PST! Created in collaboration with Oney Plays and Directed by Adam Paloian and Chris ‚ÄúOney‚Äù O‚ÄôNeill Listen here:...",39M views,2 days ago,The Spiffing Brit,https://www.youtube.com/@thespiffingbrit
Things AMAZON Made Me Buy! (500lbs of LUBE!),https://www.youtube.com/watch?v=ZerSYNT0TjE,,"Special thanks to SoFi for sponsoring the video! Enter to win $10,000: https://sofi.com/gametheory. Open a Checking and Savings account to enter. No purchase necessary. See Rules for info &...",1.7M views,2 days ago,,https://www.youtube.com/@thespiffingbrit
Lil Durk - All My Life ft. J. Cole (Official Video),https://www.youtube.com/watch?v=Z4N8lzKNfy4,,Your support gives the Gift of Hearing. Please click here! https://hearingthecall.org/give/ SIGN LANGUAGE RESOURCES BANGLADESH https://parakerja.co.id/home/ GUATEMALA https://www.lavosi-gua.org...,1.2M views,5 days ago,NELK 2,https://www.youtube.com/@NELK2
Tenacious D - Video Games (Official Video),https://www.youtube.com/watch?v=GNJtPFXUnm4,,Shakira - Acr√≥stico (Official Lyric Video) Music: Apple Music: https://Shakira.lnk.to/Acrostico/applemusic Spotify: https://Shakira.lnk.to/Acrostico/spotify Amazon: https://Shakira.lnk.to/Acros...,443K views,6 days ago,,https://www.youtube.com/@NELK2
Game Theory: Don't Listen To Her! (Amanda The Adventurer),https://www.youtube.com/watch?v=yXjSnZb0eqY,,Stream/Download: https://too.fm/nkjdk1q üß† young genius...(loading) Follow Lil Mabu: https://www.instagram.com/lilmabu/ https://www.tiktok.com/@lilmabu https://soundcloud.com/lilmabu https://tw...,1.6M views,4 days ago,Wendover Productions,https://www.youtube.com/@Wendoverproductions
"1,000 Deaf People Hear For The First Time",https://www.youtube.com/watch?v=WTOm65IZneg,,"Provided to YouTube by TuneCore Si, Si Eres Tu ¬∑ Los Parras Si, Si Eres Tu ‚Ñó 2023 Tres C Records Released on: 2023-05-10 Auto-generated by YouTube.",939K views,11 days ago,,https://www.youtube.com/@Wendoverproductions
Shakira - Acr√≥stico (Solo Version - Official Lyric Video),https://www.youtube.com/watch?v=ToQ5jVj1Ppo,,The Watertok community on TikTok is really strange!!! Let's talk about it!! JUST FOR LAUGHS TICKETS: https://montreal.hahaha.com/en/shows/kurtis-conner-live-jfl YOUTOOZ FIGURE: https://youtooz.c...,976K views,6 days ago,NBA,https://www.youtube.com/@NBA
Lil Mabu - MATHEMATICAL DISRESPECT (Live Mic Performance),https://www.youtube.com/watch?v=YOyE3IfEj8w,,Get ready for the next stage of attacks with Builder Base 2.0! Follow us on our Socials! Twitter ‚ñ∫ https://twitter.com/ClashofClans/ Instagram ‚ñ∫ https://www.instagram.com/clashofclans...,399K views,13 days ago,,https://www.youtube.com/@NBA
"Si, Si Eres Tu",https://www.youtube.com/watch?v=SnRczXoSgsc,,"Sponsored by HelloFresh. For 16 free meals with HelloFresh plus free shipping, use code IMALITTLESTINKER16 at https://bit.ly/41INyZd some links: ""How to be a Writer on Set"" PDF - https://drive.goo...",11M views,5 days ago,Ze Frank,https://www.youtube.com/@zefrank
WATERTOK: The Strangest Community on TikTok,https://www.youtube.com/watch?v=E2QBRx1XYM0,,Another installment to the Warriors Locker Room series lol hate it had to be y‚Äôall with the lost but it‚Äôs all jokes ! üåéRDC's SOCIALSüåé Mark - @SupremeDreams_1 Aff - @Affiong Leland...,7.5M views,5 days ago,,https://www.youtube.com/@zefrank
Builder Base 2.0 Is Here! Clash of Clans Official,https://www.youtube.com/watch?v=96TCZDtzfOM,,"Mormon David Nielsen left his job at Ensign Peak Advisors, the Church of Jesus Christ of Latter-day Saints‚Äô investment firm, and filed an IRS whistleblower complaint. He speaks with Sharyn...",2.8M views,2 days ago,ÏòÅÍµ≠ÎÇ®Ïûê Korean Englishman,https://www.youtube.com/@koreanenglishman
The Future of TV is Bleak,https://www.youtube.com/watch?v=6HEheIozS5c,,#AnuelAA #MejorQueYo #RompeCorazones Suscr√≠bete a mi canal ‚û°Ô∏è https://radi.al/AnuelAA üéµ Stream/Download: https://orcd.co/mejor-que-yo Redes Sociales https://www.facebook.com/Anuel2ble...,64M views,3 days ago,,https://www.youtube.com/@koreanenglishman
How the Warriors were in the Locker Room after losing to the Lakers,https://www.youtube.com/watch?v=rVus1ZcMHYU,,"Pep Guardiola‚Äôs free-scoring Manchester City, led by the unrivaled Erling Haaland, take on UCL record holders and defending champions Real Madrid. Stream every UEFA Champions League match...",14M views,4 days ago,JJ Olatunji,https://www.youtube.com/@jjolatunji
Mormon whistleblower: Church‚Äôs investment firm masquerades as charity | 60 Minutes,https://www.youtube.com/watch?v=k3_Fhq7sEHo,,üåéRDC's SOCIALSüåé Mark - @SupremeDreams_1 Aff - @Affiong Leland - @23_Is_Leland Dylan - @DylanPatel4_ Desmond - @l0v3andPeac3 Benjamin - @Ive_Ben_Jammin John - @PlayThatJohn üåé REAL...,9.1M views,2 days ago,,https://www.youtube.com/@jjolatunji
"Anuel AA, Dj Luian, Mambo Kingz - Mejor Que Yo (Video Oficial)",https://www.youtube.com/watch?v=VmRUE1A_Idw,,(Ïó¨Ïûê)ÏïÑÏù¥Îì§((G)I-DLE) - 'ÌÄ∏Ïπ¥ (Queencard)' Official Music Video [üéß] [I feel] ‚ñ´Melon http://kko.to/VMbOLGvKmy ‚ñ´https://ingrv.es/ifeel Episode : '#ÌÄ∏Ïπ¥ (#Queencard)' ÎààÎ∂ÄÏã†...,4.1M views,13 days ago,Grupo Marca Registrada,https://www.youtube.com/channel/UCVASTJxBtjE22u-UDkRmEJA
Real Madrid vs. Man. City: Extended Highlights | UCL Semi-Finals - Leg 1 | CBS Sports Golazo,https://www.youtube.com/watch?v=wFU1rF6DfWs,,"The official music video for ""Red Ruby Da Sleeze"" by Nicki Minaj. Download the song here: https://NickiMinaj.lnk.to/RRDSID ‚ñ∫Connect with Nicki üéÄü¶Ñ https://www.nickiminajofficial.com...",2.6M views,8 days ago,,https://www.youtube.com/channel/UCVASTJxBtjE22u-UDkRmEJA
How Doc Rivers was in the locker room after the sixers got blew out by the Celtics in game 7,https://www.youtube.com/watch?v=YuqcnfDnJ3I,,Check out Mechabellum today: https://play.paradoxinteractive.com/letsgameitout And you too can see why I've been obsessed with it since it launched! JOIN MY STREAMS! ‚ñ∫ https://www.twitch.tv/lets...,4.7M views,2 days ago,Marques Brownlee,https://www.youtube.com/@mkbhd
(Ïó¨Ïûê)ÏïÑÏù¥Îì§((G)I-DLE) - 'ÌÄ∏Ïπ¥ (Queencard)' Official Music Video,https://www.youtube.com/watch?v=7HDeem-JaSY,,"A U.S. Army officer says a squatter moved into her DeKalb County home while she was serving on active duty, and now she can‚Äôt have him evicted. She told Channel 2 Consumer Investigator Justin...",1.9M views,2 days ago,,https://www.youtube.com/@mkbhd
Nicki Minaj - Red Ruby Da Sleeze (Official Music Video),https://www.youtube.com/watch?v=QBGX9QirWaU,,no but really who smoked shopify free trial - https://shopify.com/ryantrahan buy howdy on Shop - https://go.shop.app/howdy howdy - https://howdyhowdy.com,2.6M views,4 days ago,Incognito Mode,https://www.youtube.com/@IHincognitoMode
This Is Why a Psychopath Is a Stellar Detective,https://www.youtube.com/watch?v=ckmPfn-KCGg,,Official Video for ‚ÄúJaded‚Äù by Miley Cyrus Listen to & Download ‚ÄúEndless Summer Vacation‚Äù out now: https://mileycyrus.lnk.to/EndlessSummerVacation Connect with Miley Site: http://mileycy...,1.6M views,2 days ago,,https://www.youtube.com/@IHincognitoMode
"Army officer says squatter moved into her DeKalb home while she was on duty, now she can‚Äôt evict him",https://www.youtube.com/watch?v=U-WpSschcQQ,,its the disney channel original movie ZOMBIES and its Danny and he's gonna talk about it and it's gonna be very good! edited by edited by https://www.instagram.com/jakeshotfriend/ MERCH ‚ñ∫...,24M views,2 days ago,Markiplier,https://www.youtube.com/@markiplier
I Tried Public Sleep Pods,https://www.youtube.com/watch?v=b_MChcA2YXo,,"Full card highlights from the X Series 007 Misfits Boxing event, featuring KSI, Deji, Anthony Taylor and more! Subscribe to the DAZN X Series YouTube channel üëâ https://bit.ly/XSeriesYouTube...",1.8M views,8 days ago,,https://www.youtube.com/@markiplier
Miley Cyrus - Jaded (Official Video),https://www.youtube.com/watch?v=4q-Y6wt1h3k,,"Yailin La Mas Viral, Shadow Blow - Solo T√∫ y Yo (Video Oficial) Esc√∫chala en tu plataforma favorita: https://ffm.to/njrj97y Suscr√≠bete al canal: https://ilmlink.io/ylmvyt S√≠gueme en:...",1.7M views,1 day ago,Let's Game It Out,https://www.youtube.com/@LetsGameItOut
I'M Z-O-M-B-I-E-S,https://www.youtube.com/watch?v=mShDN5QxcMM,,Trim your bat and balls with MANSCAPED‚Ñ¢ to get into the MVP discussion this season‚Ä¶ Most Valuable Player of course with the code BDE20OFF for 20% off + free shipping at https://manscaped.com....,39M views,7 days ago,,https://www.youtube.com/@LetsGameItOut
FULL CARD HIGHLIGHTS | KSI vs. Joe Fournier - X Series 007,https://www.youtube.com/watch?v=_waUs9qcu2U,,Thanks for Tuning In!! Lets Get 5 Million Together! Daily Livestream https://www.twitch.tv/flight23white Follow my instagram https://www.instagram.com/Flight23White_ FOLLOW ME ON TWITTER...,1.7M views,4 days ago,Netflix,https://www.youtube.com/@Netflix
"Yailin La Mas Viral, Shadow Blow - Solo T√∫ y Yo (Video Oficial)",https://www.youtube.com/watch?v=q49UW_RSr3c,,"Stream/Download ‚ÄúOff The Court‚Äù - https://SleazyWorldGo.lnk.to/OffTheCourtwPoloGandEinerBanks Produced by @EinerBankz Video Director ‚Äî Will Freeark Video Producer ‚Äî Will Freeark, Eddie...",2M views,6 days ago,,https://www.youtube.com/@Netflix
The 2023 MLB Season Has Made Zero Sense,https://www.youtube.com/watch?v=Jf9FzkEKaY4,,‚ÄúPart of Your World‚Äù Performed by Halle Bailey From Disney‚Äôs The Little Mermaid Soundtrack available May 19 Film in theaters May 26: https://www.fandango.com/the-little-mermaid-2023-228960/m...,951K views,1 day ago,Clash of Clans,https://www.youtube.com/@ClashOfClans
"FlightReacts To #6 WARRIORS at #7 LAKERS | FULL GAME 6 HIGHLIGHTS | May 12, 2023!",https://www.youtube.com/watch?v=jCPCsHGKoXw,,This thing blows Check out Dr. Mike at https://www.youtube.com/@DoctorMike MKBHD Merch: http://shop.MKBHD.com Tech I'm using right now: https://www.amazon.com/shop/MKBHD Playlist of MKBHD...,9.1M views,4 days ago,,https://www.youtube.com/@ClashOfClans
SleazyWorld Go - Off The Court (feat. Polo G) [Official Video],https://www.youtube.com/watch?v=QULO9wy5E9M,,Yahritza Y Su Esencia & Grupo Frontera ‚ÄúFr√°gil‚Äù out now: https://yahritza.lnk.to/Fragil Official lyric video for Yahritza Y Su Esencia & Grupo Frontera ‚ÄúFr√°gil‚Äù Follow Yahritza...,2.7M views,12 days ago,Practical Engineering,https://www.youtube.com/@PracticalEngineeringChannel
Halle Bailey - Performs ‚ÄúPart of Your World‚Äù at Disneyland,https://www.youtube.com/watch?v=BCKna5ZoyN4,,Provided to YouTube by Lizos Music Abcdario ¬∑ Eden Mu√±oz ¬∑ Junior H Abcdario ‚Ñó 2023 Lizos Music Released on: 2023-05-13 Auto-generated by YouTube.,2.6M views,3 days ago,,https://www.youtube.com/@PracticalEngineeringChannel
This is the Dumbest Product I've Ever Reviewed,https://www.youtube.com/watch?v=tFdnCzfJPJ0,,"I did a Legend of Zelda: Breath of the Wild Speedrun in under 20 hours. Did my best to do a ""speedrun explained"" type thing of the 100% Speedrun. You should watch me live on Twitch: https://twitch...",2.5M views,2 days ago,King Gizzard And The Lizard Wizard,https://www.youtube.com/channel/UCNiyS8zr2RIddszLwtoyUow
Yahritza Y Su Esencia & Grupo Frontera - Fr√°gil (Official Lyric Video),https://www.youtube.com/watch?v=MtPgcgcZZEc,,"Mexican Sa√∫l ""Canelo"" √Ålvarez took on Englishman John Ryder in Guadalajara, Mexico, in a homecoming for the Mexican superstar. Brought to you by @Autozone. Subscribe to our YouTube channel...",5.1M views,11 days ago,,https://www.youtube.com/channel/UCNiyS8zr2RIddszLwtoyUow
Abcdario,https://www.youtube.com/watch?v=2Ja5z0XA--Q,,"Play World of Tanks PC for free: https://tanks.ly/3yLKdf6 Use invite code ""COMBAT"" to get a Premium Tank Cromwell B, 250,000 credits, 7 days premium account time and a bunch of other stuff!...",555K views,5 days ago,Ghost,https://www.youtube.com/channel/UCAOiVaJJlH0Oduv48NN0mMA
I beat Breath of the Wild 100% In a single day,https://www.youtube.com/watch?v=fMPTSiOuNpA,,"""This is a fight for our very existence."" The Creator arrives in theaters September 29.",823K views,9 days ago,,https://www.youtube.com/channel/UCAOiVaJJlH0Oduv48NN0mMA
HIGHLIGHTS | Canelo Alvarez vs. John Ryder,https://www.youtube.com/watch?v=biCJwmhKYG8,,"Watch the official trailer for #MissionImpossible ‚Äì Dead Reckoning Part One, starring Tom Cruise. Only in theatres July 12. Sign up for EXCLUSIVE content and updates: https://www.missionimpossib...",3.8M views,10 days ago,Abroad in Japan,https://www.youtube.com/@AbroadinJapan
hobbies.,https://www.youtube.com/watch?v=JhEZM2qQWDE,,The Builder Base 2.0 Update brings the Bonanza Event to Clash of Clans. 3 Star or 6 Star attacks await at every Builder Hall Level. Judo Sloth Gaming shares the best strategy for every challenge...,1.5M views,2 days ago,,https://www.youtube.com/@AbroadinJapan
The Creator | Teaser Trailer | 20th Century Studios,https://www.youtube.com/watch?v=573GCxqkYEg,,"They‚Äôre back for seconds. #Meg2 only in theaters August 4. Get ready for the ultimate adrenaline rush this summer in ‚ÄúMeg 2: The Trench,‚Äù a literally larger-than-life thrill ride that...",3.6M views,11 hours ago,(G)I-DLE (Ïó¨Ïûê)ÏïÑÏù¥Îì§ (Official YouTube Channel),https://www.youtube.com/channel/UCritGVo7pLJLUS8wEu32vow
Mission: Impossible ‚Äì Dead Reckoning Part One | Official Trailer (2023 Movie) - Tom Cruise,https://www.youtube.com/watch?v=avz06PDqDbM,,help thumb art by https://www.artstation.com/cabetolopezc dunko store https://dunkeyscastle.com/,11M views,14 hours ago,,https://www.youtube.com/channel/UCritGVo7pLJLUS8wEu32vow
Easily 3 Star the Bonanza Challenges (Clash of Clans),https://www.youtube.com/watch?v=zAr3TYiTdHU,,Download Justin‚Äôs FREE eBook & get invited to his FREE class ($1K cash giveaway) ‚¨á‚¨á‚¨á http://www.jxmyandjustin.com/ Follow me on Instagram: https: //www.instagram.com/jxmyhighroller...,2M views,2 days ago,RDCworld1,https://www.youtube.com/@RDCworld1
MEG 2: THE TRENCH - OFFICIAL TRAILER,https://www.youtube.com/watch?v=dG91B3hHyY4,,"I take iconic people, places, events, and periods in history and recreate them in Lego... üé• INSTAGRAM for BTS, sneak peaks, updates, special announcements: https://www.instagram.com/td_the_cre...",3.7M views,9 days ago,,https://www.youtube.com/@RDCworld1
Legend of Zelda : Donkey Tears,https://www.youtube.com/watch?v=lpFXlkjAurc,,My new album WHITSITT CHAPEL drops June 2nd ‚Äî you can pre-save/pre-add it now everywhere you stream music. CD‚Äôs and Vinyl‚Äôs and exclusive bundles are available to preorder on my website:...,6.4M views,1 day ago,NPR Music,https://www.youtube.com/@nprmusic
It's All Over For Them,https://www.youtube.com/watch?v=aHlNmyVKcmU,,"My first day of playing the legend of zelda: tears of the kingdom! My stream highlights of the gameplay, completing the great sky island, finding the paraglider, and getting Autobuild. You...",1.1M views,1 day ago,,https://www.youtube.com/@nprmusic
I remade HISTORY in LEGO...,https://www.youtube.com/watch?v=gfVY00X5Yaw,,Grab some popcorn and turn out the lights! It's Amanda time!,1.6M views,7 days ago,Nerdforge,https://www.youtube.com/@Nerdforge
Jelly Roll - Save Me (with Lainey Wilson) [Live From The 58th ACM Awards],https://www.youtube.com/watch?v=1y4_yTyWlKo,,Subscribe to my Patreon: https://www.patreon.com/meatcanyon Animators: Jerb: https://twitter.com/jerbjpg?s=20 Vudujin: https://twitter.com/Vudujin DublyMike: https://twitter.com/dublymike?s=20...,6.9M views,5 days ago,,https://www.youtube.com/@Nerdforge
I played Tears of the Kingdom...it's INCREDIBLE,https://www.youtube.com/watch?v=QBq92jEKesw,,"Lightbulbs might be the best idea ever ‚Äì just not for light. Head to https://brilliant.org/veritasium to start your free 30-day trial, and the first 200 people get 20% off an annual premium...",1.6M views,5 days ago,Judo Sloth Gaming,https://www.youtube.com/@JudoSloth
Amanda the Adventurer,https://www.youtube.com/watch?v=kKmx7fMJnsc,,Peppino Spaghetti thinks he's going to clear the Pizza Tower's 4th floor fast...but Fake Peppino is about to show him Pizza Time Never Ends...WITH LYRICS! This labor of love contains nearly...,24M views,Streamed 2 days ago,,https://www.youtube.com/@JudoSloth
